model,MAE,RMSE,MAPE,sMAPE
"ARIMA(1,1,1)",0.13252007870013327,0.13826524416104122,1.6617988644144477,1.6769326268899845
auto.arima,0.1425160069911522,0.148186954002083,1.7872278706152365,1.8046256228371798
Holt (damped),0.15540366510242323,0.1606714312084852,1.9490690631149732,1.9695451484828288
