model,MAE,RMSE,MAPE,sMAPE
"ARIMA(1,1,1)",358.8017876552991,376.790137003822,12.343833914287842,13.227236765261802
auto.arima,383.87631349530284,401.61482192801367,13.21161495526431,14.221425173753516
Holt (damped),415.76607313875286,432.3360921369563,14.322227941611617,15.502485271351462
